{
    "False": {
        "precision": 0.8648648648648649,
        "recall": 0.49230769230769234,
        "f1-score": 0.6274509803921569,
        "support": 65.0
    },
    "True": {
        "precision": 0.9115281501340483,
        "recall": 0.9855072463768116,
        "f1-score": 0.947075208913649,
        "support": 345.0
    },
    "accuracy": 0.9073170731707317,
    "macro avg": {
        "precision": 0.8881965074994567,
        "recall": 0.7389074693422519,
        "f1-score": 0.7872630946529029,
        "support": 410.0
    },
    "weighted avg": {
        "precision": 0.9041303122255191,
        "recall": 0.9073170731707317,
        "f1-score": 0.8964030751236565,
        "support": 410.0
    }
}