{
    "False": {
        "precision": 0.8636363636363636,
        "recall": 0.5846153846153846,
        "f1-score": 0.6972477064220184,
        "support": 65.0
    },
    "True": {
        "precision": 0.9262295081967213,
        "recall": 0.9826086956521739,
        "f1-score": 0.9535864978902953,
        "support": 345.0
    },
    "accuracy": 0.9195121951219513,
    "macro avg": {
        "precision": 0.8949329359165425,
        "recall": 0.7836120401337793,
        "f1-score": 0.8254171021561568,
        "support": 410.0
    },
    "weighted avg": {
        "precision": 0.9163062047908109,
        "recall": 0.9195121951219513,
        "f1-score": 0.912947421194105,
        "support": 410.0
    }
}