{
    "False": {
        "precision": 0.8852459016393442,
        "recall": 0.8307692307692308,
        "f1-score": 0.8571428571428572,
        "support": 65.0
    },
    "True": {
        "precision": 0.9684813753581661,
        "recall": 0.9797101449275363,
        "f1-score": 0.9740634005763688,
        "support": 345.0
    },
    "accuracy": 0.9560975609756097,
    "macro avg": {
        "precision": 0.9268636384987552,
        "recall": 0.9052396878483835,
        "f1-score": 0.9156031288596129,
        "support": 410.0
    },
    "weighted avg": {
        "precision": 0.955285507573475,
        "recall": 0.9560975609756097,
        "f1-score": 0.9555272168612998,
        "support": 410.0
    }
}