{
    "False": {
        "precision": 0.873015873015873,
        "recall": 0.8461538461538461,
        "f1-score": 0.859375,
        "support": 65.0
    },
    "True": {
        "precision": 0.9711815561959655,
        "recall": 0.9768115942028985,
        "f1-score": 0.9739884393063585,
        "support": 345.0
    },
    "accuracy": 0.9560975609756097,
    "macro avg": {
        "precision": 0.9220987146059192,
        "recall": 0.9114827201783724,
        "f1-score": 0.9166817196531792,
        "support": 410.0
    },
    "weighted avg": {
        "precision": 0.9556187039844874,
        "recall": 0.9560975609756097,
        "f1-score": 0.9558180160016919,
        "support": 410.0
    }
}