{
    "False": {
        "precision": 0.5238095238095238,
        "recall": 0.5076923076923077,
        "f1-score": 0.515625,
        "support": 65.0
    },
    "True": {
        "precision": 0.9077809798270894,
        "recall": 0.9130434782608695,
        "f1-score": 0.9104046242774566,
        "support": 345.0
    },
    "accuracy": 0.848780487804878,
    "macro avg": {
        "precision": 0.7157952518183066,
        "recall": 0.7103678929765886,
        "f1-score": 0.7130148121387283,
        "support": 410.0
    },
    "weighted avg": {
        "precision": 0.8469074563121094,
        "recall": 0.848780487804878,
        "f1-score": 0.847817610672494,
        "support": 410.0
    }
}