{
    "False": {
        "precision": 0.9,
        "recall": 0.13846153846153847,
        "f1-score": 0.24,
        "support": 65.0
    },
    "True": {
        "precision": 0.86,
        "recall": 0.9971014492753624,
        "f1-score": 0.9234899328859061,
        "support": 345.0
    },
    "accuracy": 0.8609756097560975,
    "macro avg": {
        "precision": 0.88,
        "recall": 0.5677814938684504,
        "f1-score": 0.581744966442953,
        "support": 410.0
    },
    "weighted avg": {
        "precision": 0.8663414634146341,
        "recall": 0.8609756097560975,
        "f1-score": 0.8151317727942381,
        "support": 410.0
    }
}