{
    "False": {
        "precision": 0.5384615384615384,
        "recall": 0.2153846153846154,
        "f1-score": 0.3076923076923077,
        "support": 65.0
    },
    "True": {
        "precision": 0.8671875,
        "recall": 0.9652173913043478,
        "f1-score": 0.9135802469135802,
        "support": 345.0
    },
    "accuracy": 0.8463414634146341,
    "macro avg": {
        "precision": 0.7028245192307692,
        "recall": 0.5903010033444815,
        "f1-score": 0.6106362773029439,
        "support": 410.0
    },
    "weighted avg": {
        "precision": 0.8150724085365854,
        "recall": 0.8463414634146341,
        "f1-score": 0.8175248419150858,
        "support": 410.0
    }
}