{
    "False": {
        "precision": 0.819672131147541,
        "recall": 0.7692307692307693,
        "f1-score": 0.7936507936507937,
        "support": 65.0
    },
    "True": {
        "precision": 0.9570200573065902,
        "recall": 0.9681159420289855,
        "f1-score": 0.9625360230547552,
        "support": 345.0
    },
    "accuracy": 0.9365853658536586,
    "macro avg": {
        "precision": 0.8883460942270656,
        "recall": 0.8686733556298774,
        "f1-score": 0.8780934083527745,
        "support": 410.0
    },
    "weighted avg": {
        "precision": 0.9352453860862532,
        "recall": 0.9365853658536586,
        "f1-score": 0.9357615354663222,
        "support": 410.0
    }
}