{
    "False": {
        "precision": 0.85,
        "recall": 0.7846153846153846,
        "f1-score": 0.816,
        "support": 65.0
    },
    "True": {
        "precision": 0.96,
        "recall": 0.9739130434782609,
        "f1-score": 0.9669064748201438,
        "support": 345.0
    },
    "accuracy": 0.9439024390243902,
    "macro avg": {
        "precision": 0.905,
        "recall": 0.8792642140468228,
        "f1-score": 0.8914532374100719,
        "support": 410.0
    },
    "weighted avg": {
        "precision": 0.942560975609756,
        "recall": 0.9439024390243902,
        "f1-score": 0.94298227759256,
        "support": 410.0
    }
}