{
    "False": {
        "precision": 0.4032258064516129,
        "recall": 0.38461538461538464,
        "f1-score": 0.39370078740157477,
        "support": 65.0
    },
    "True": {
        "precision": 0.8850574712643678,
        "recall": 0.8927536231884058,
        "f1-score": 0.888888888888889,
        "support": 345.0
    },
    "accuracy": 0.8121951219512196,
    "macro avg": {
        "precision": 0.6441416388579904,
        "recall": 0.6386845039018952,
        "f1-score": 0.6412948381452319,
        "support": 410.0
    },
    "weighted avg": {
        "precision": 0.8086695244038091,
        "recall": 0.8121951219512196,
        "f1-score": 0.8103834581652903,
        "support": 410.0
    }
}