{
    "False": {
        "precision": 0.8421052631578947,
        "recall": 0.7384615384615385,
        "f1-score": 0.7868852459016393,
        "support": 65.0
    },
    "True": {
        "precision": 0.9518413597733711,
        "recall": 0.9739130434782609,
        "f1-score": 0.9627507163323783,
        "support": 345.0
    },
    "accuracy": 0.9365853658536586,
    "macro avg": {
        "precision": 0.8969733114656329,
        "recall": 0.8561872909698998,
        "f1-score": 0.8748179811170088,
        "support": 410.0
    },
    "weighted avg": {
        "precision": 0.9344441737245762,
        "recall": 0.9365853658536586,
        "f1-score": 0.9348696051665295,
        "support": 410.0
    }
}