{
    "False": {
        "precision": 1.0,
        "recall": 0.49230769230769234,
        "f1-score": 0.6597938144329897,
        "support": 65.0
    },
    "True": {
        "precision": 0.9126984126984127,
        "recall": 1.0,
        "f1-score": 0.9543568464730291,
        "support": 345.0
    },
    "accuracy": 0.9195121951219513,
    "macro avg": {
        "precision": 0.9563492063492063,
        "recall": 0.7461538461538462,
        "f1-score": 0.8070753304530094,
        "support": 410.0
    },
    "weighted avg": {
        "precision": 0.9265389082462252,
        "recall": 0.9195121951219513,
        "f1-score": 0.9076578291983888,
        "support": 410.0
    }
}