{
    "False": {
        "precision": 0.8709677419354839,
        "recall": 0.8307692307692308,
        "f1-score": 0.8503937007874016,
        "support": 65.0
    },
    "True": {
        "precision": 0.9683908045977011,
        "recall": 0.9768115942028985,
        "f1-score": 0.9725829725829725,
        "support": 345.0
    },
    "accuracy": 0.9536585365853658,
    "macro avg": {
        "precision": 0.9196792732665925,
        "recall": 0.9037904124860647,
        "f1-score": 0.9114883366851871,
        "support": 410.0
    },
    "weighted avg": {
        "precision": 0.9529456849073495,
        "recall": 0.9536585365853658,
        "f1-score": 0.9532115026641625,
        "support": 410.0
    }
}