{
    "False": {
        "precision": 0.7142857142857143,
        "recall": 0.23076923076923078,
        "f1-score": 0.34883720930232565,
        "support": 65.0
    },
    "True": {
        "precision": 0.87146529562982,
        "recall": 0.9826086956521739,
        "f1-score": 0.9237057220708447,
        "support": 345.0
    },
    "accuracy": 0.8634146341463415,
    "macro avg": {
        "precision": 0.7928755049577672,
        "recall": 0.6066889632107023,
        "f1-score": 0.6362714656865851,
        "support": 410.0
    },
    "weighted avg": {
        "precision": 0.8465465815142911,
        "recall": 0.8634146341463415,
        "f1-score": 0.8325680310221771,
        "support": 410.0
    }
}