{
    "False": {
        "precision": 0.9230769230769231,
        "recall": 0.36923076923076925,
        "f1-score": 0.5274725274725275,
        "support": 65.0
    },
    "True": {
        "precision": 0.8932291666666666,
        "recall": 0.9942028985507246,
        "f1-score": 0.9410150891632373,
        "support": 345.0
    },
    "accuracy": 0.8951219512195122,
    "macro avg": {
        "precision": 0.9081530448717949,
        "recall": 0.6817168338907469,
        "f1-score": 0.7342438083178824,
        "support": 410.0
    },
    "weighted avg": {
        "precision": 0.8979611280487805,
        "recall": 0.8951219512195122,
        "f1-score": 0.8754534635293442,
        "support": 410.0
    }
}