{
    "False": {
        "precision": 0.8529411764705882,
        "recall": 0.4461538461538462,
        "f1-score": 0.5858585858585859,
        "support": 65.0
    },
    "True": {
        "precision": 0.9042553191489362,
        "recall": 0.9855072463768116,
        "f1-score": 0.9431345353675451,
        "support": 345.0
    },
    "accuracy": 0.9,
    "macro avg": {
        "precision": 0.8785982478097623,
        "recall": 0.7158305462653289,
        "f1-score": 0.7644965606130655,
        "support": 410.0
    },
    "weighted avg": {
        "precision": 0.8961201501877347,
        "recall": 0.9,
        "f1-score": 0.8864932262990516,
        "support": 410.0
    }
}