{
    "False": {
        "precision": 0.8888888888888888,
        "recall": 0.49230769230769234,
        "f1-score": 0.6336633663366337,
        "support": 65.0
    },
    "True": {
        "precision": 0.9117647058823529,
        "recall": 0.9884057971014493,
        "f1-score": 0.9485396383866481,
        "support": 345.0
    },
    "accuracy": 0.9097560975609756,
    "macro avg": {
        "precision": 0.9003267973856208,
        "recall": 0.7403567447045708,
        "f1-score": 0.7911015023616409,
        "support": 410.0
    },
    "weighted avg": {
        "precision": 0.908138051968755,
        "recall": 0.9097560975609756,
        "f1-score": 0.8986202294031093,
        "support": 410.0
    }
}