{
    "False": {
        "precision": 0.4594594594594595,
        "recall": 0.5230769230769231,
        "f1-score": 0.48920863309352514,
        "support": 65.0
    },
    "True": {
        "precision": 0.9077380952380952,
        "recall": 0.8840579710144928,
        "f1-score": 0.895741556534508,
        "support": 345.0
    },
    "accuracy": 0.8268292682926829,
    "macro avg": {
        "precision": 0.6835987773487774,
        "recall": 0.703567447045708,
        "f1-score": 0.6924750948140166,
        "support": 410.0
    },
    "weighted avg": {
        "precision": 0.836669531029287,
        "recall": 0.8268292682926829,
        "f1-score": 0.8312912150133765,
        "support": 410.0
    }
}